imageName,imageOrigin,xBudCenter,yBudCenter,radio,class,type
0001.jpg,0001.jpg,2343,1745,100,TRUE,2
0032.jpg,0002.jpg,2169,1661,77,TRUE,1
0056.jpg,0003.jpg,2340,1828,124,TRUE,2
0121.jpg,0004.jpg,2280,1540,90,TRUE,2
0163.jpg,0005.jpg,2144,1840,146,TRUE,1
0189.jpg,0006.jpg,2356,1932,124,TRUE,1
0208.jpg,0007.jpg,2428,1572,124,TRUE,1
0227.jpg,0008.jpg,2280,1872,104,TRUE,1
0228.jpg,0008.jpg,1448,1048,82,TRUE,1
0244.jpg,0009.jpg,2324,1108,114,TRUE,1
0319.jpg,0010.jpg,2196,1632,86,TRUE,1
0366.jpg,0011.jpg,2476,1576,106,TRUE,1
0417.jpg,0012.jpg,2232,1600,100,TRUE,1
0463.jpg,0013.jpg,2028,1264,104,TRUE,1
0493.jpg,0014.jpg,2186,1935,119,TRUE,1
0516.jpg,0015.jpg,2528,1560,132,TRUE,1
0535.jpg,0016.jpg,2228,1804,142,TRUE,2
0560.jpg,0017.jpg,2143,1825,100,TRUE,1
0584.jpg,0018.jpg,2082,1511,99,TRUE,1
0626.jpg,0019.jpg,2649,1805,126,TRUE,1
0643.jpg,0020.jpg,1988,1862,112,TRUE,1
0659.jpg,0021.jpg,2439,1312,122,TRUE,2
0676.jpg,0022.jpg,2326,1680,110,TRUE,3
0721.jpg,0023.jpg,1997,1721,107,TRUE,1
0752.jpg,0024.jpg,2569,1803,132,TRUE,1
0769.jpg,0025.jpg,2510,1454,97,TRUE,1
0794.jpg,0026.jpg,2143,1697,121,TRUE,1
0807.jpg,0027.jpg,2172,1344,92,TRUE,1
0827.jpg,0028.jpg,2404,1697,90,TRUE,1
0864.jpg,0029.jpg,2413,1615,76,TRUE,1
0997.jpg,0030.jpg,2216,1812,84,TRUE,1
1161.jpg,0031.jpg,1910,1679,92,TRUE,2
1198.jpg,0032.jpg,2580,1782,72,TRUE,2
1260.jpg,0033.jpg,2561,1335,107,TRUE,1
1276.jpg,0034.jpg,2390,1739,85,TRUE,1
1298.jpg,0035.jpg,2624,1847,143,TRUE,1
1323.jpg,0036.jpg,2106,1508,120,TRUE,1
1346.jpg,0037.jpg,2366,1683,131,TRUE,1
1379.jpg,0038.jpg,2074,1879,110,TRUE,1
1431.jpg,0039.jpg,2824,1323,124,TRUE,1
1513.jpg,0040.jpg,2071,1986,130,TRUE,1
1575.jpg,0041.jpg,2798,1721,98,TRUE,1
1614.jpg,0042.jpg,2649,1951,126,TRUE,1
1626.jpg,0043.jpg,2272,1467,102,TRUE,1
1639.jpg,0044.jpg,2328,1767,114,TRUE,1
1647.jpg,0045.jpg,2367,2170,143,TRUE,1
1661.jpg,0046.jpg,2170,1810,104,TRUE,1
1685.jpg,0047.jpg,2000,1692,138,TRUE,1
1729.jpg,0048.jpg,2312,1415,113,TRUE,1
1757.jpg,0049.jpg,1853,1837,110,TRUE,1
1834.jpg,0050.jpg,2385,1470,79,TRUE,1
1904.jpg,0051.jpg,1882,1715,106,TRUE,1
1942.jpg,0052.jpg,2056,1823,131,TRUE,1
1952.jpg,0053.jpg,2112,1238,88,TRUE,1
1971.jpg,0054.jpg,2455,1756,142,TRUE,2
1986.jpg,0055.jpg,2356,1436,119,TRUE,1
2004.jpg,0056.jpg,2446,1725,112,TRUE,2
2021.jpg,0057.jpg,2499,1479,106,TRUE,1
2055.jpg,0058.jpg,1968,1612,92,TRUE,1
2096.jpg,0059.jpg,2552,1636,86,TRUE,2
2124.jpg,0060.jpg,2644,1726,112,TRUE,1
2174.jpg,0061.jpg,2296,1668,69,TRUE,2
2192.jpg,0062.jpg,2071,1520,73,TRUE,1
2291.jpg,0063.jpg,2934,1746,67,TRUE,2
2321.jpg,0064.jpg,2201,1736,121,TRUE,1
2362.jpg,0065.jpg,1903,1468,88,TRUE,1
2390.jpg,0066.jpg,2061,1914,59,TRUE,2
2406.jpg,0067.jpg,2707,1574,120,TRUE,2
2440.jpg,0068.jpg,2449,1456,111,TRUE,1
2464.jpg,0069.jpg,1906,1556,111,TRUE,1
2501.jpg,0070.jpg,2390,1828,115,TRUE,1
2511.jpg,0071.jpg,1843,1667,113,TRUE,1
2593.jpg,0072.jpg,2403,2063,109,TRUE,1
2638.jpg,0073.jpg,1886,1964,115,TRUE,1
2696.jpg,0074.jpg,2166,1631,108,TRUE,1
2749.jpg,0075.jpg,2363,1515,110,TRUE,3
2774.jpg,0076.jpg,2301,1527,122,TRUE,1
2801.jpg,0077.jpg,1980,1761,80,TRUE,1
2822.jpg,0078.jpg,2336,1702,108,TRUE,1
2856.jpg,0079.jpg,2370,1654,96,TRUE,1
2914.jpg,0080.jpg,2273,1614,102,TRUE,1
2954.jpg,0081.jpg,2648,1472,178,TRUE,1
2967.jpg,0082.jpg,2506,1941,106,TRUE,2
3016.jpg,0083.jpg,2362,1518,129,TRUE,1
3038.jpg,0084.jpg,2328,1819,105,TRUE,2
3064.jpg,0085.jpg,2366,1379,112,TRUE,2
3080.jpg,0086.jpg,2062,1827,90,TRUE,1
3091.jpg,0087.jpg,1884,1997,116,TRUE,1
3111.jpg,0088.jpg,2314,1754,122,TRUE,1
3130.jpg,0089.jpg,2326,1735,131,TRUE,1
3190.jpg,0090.jpg,2099,2030,101,TRUE,1
3281.jpg,0091.jpg,2783,1262,204,TRUE,1
3302.jpg,0092.jpg,2454,1834,121,TRUE,1
3321.jpg,0093.jpg,2508,1637,122,TRUE,1
3382.jpg,0094.jpg,2204,1927,117,TRUE,1
3404.jpg,0095.jpg,2417,1884,62,TRUE,2
3509.jpg,0096.jpg,2355,1670,57,TRUE,3
3539.jpg,0097.jpg,2437,1578,88,TRUE,1
3566.jpg,0098.jpg,2337,1791,66,TRUE,1
3619.jpg,0099.jpg,2579,1700,88,TRUE,2
3711.jpg,0100.jpg,2267,1703,66,TRUE,1
3723.jpg,0101.jpg,2880,1841,111,TRUE,1
3733.jpg,0102.jpg,2579,1977,120,TRUE,2
3754.jpg,0103.jpg,2847,1740,129,TRUE,2
3764.jpg,0104.jpg,2779,1836,129,TRUE,3
3851.jpg,0105.jpg,2764,1853,123,TRUE,2
3871.jpg,0106.jpg,2541,1883,135,TRUE,2
3941.jpg,0107.jpg,2551,1817,130,TRUE,2
3977.jpg,0108.jpg,2678,1820,117,TRUE,2
4033.jpg,0109.jpg,2855,1700,120,TRUE,2
4052.jpg,0110.jpg,2457,1748,129,TRUE,2
4071.jpg,0111.jpg,2864,1930,147,TRUE,1
4130.jpg,0112.jpg,2821,1800,162,TRUE,2
4166.jpg,0113.jpg,2661,2033,154,TRUE,2
4215.jpg,0114.jpg,2847,1966,164,TRUE,2
4261.jpg,0115.jpg,2736,1808,144,TRUE,2
4276.jpg,0116.jpg,2957,1807,154,TRUE,1
4309.jpg,0117.jpg,2888,1826,198,TRUE,1
4325.jpg,0118.jpg,3043,1718,174,TRUE,1
4337.jpg,0119.jpg,2819,1836,122,TRUE,2
4357.jpg,0120.jpg,2380,1944,128,TRUE,1
4384.jpg,0121.jpg,2731,1907,122,TRUE,2
4417.jpg,0122.jpg,2649,1816,113,TRUE,2
4466.jpg,0123.jpg,2816,1890,170,TRUE,2
4499.jpg,0124.jpg,2996,2183,186,TRUE,2
4546.jpg,0125.jpg,2843,1826,152,TRUE,2
4572.jpg,0126.jpg,3014,1899,137,TRUE,1
4605.jpg,0127.jpg,2746,1948,133,TRUE,1
4626.jpg,0128.jpg,2693,1596,136,TRUE,2
4680.jpg,0129.jpg,2772,1948,139,TRUE,1
4721.jpg,0130.jpg,2609,1907,149,TRUE,2
4741.jpg,0131.jpg,2809,1862,121,TRUE,2
4769.jpg,0132.jpg,2615,1763,131,TRUE,2
4812.jpg,0133.jpg,2808,1711,130,TRUE,2
4826.jpg,0134.jpg,2984,1928,134,TRUE,2
4851.jpg,0135.jpg,2788,1967,135,TRUE,2
4900.jpg,0136.jpg,2797,1842,155,TRUE,2
4936.jpg,0137.jpg,2713,1905,170,TRUE,1
4955.jpg,0138.jpg,3098,1743,137,TRUE,1
4998.jpg,0139.jpg,2843,1934,150,TRUE,2
5013.jpg,0140.jpg,2823,1984,147,TRUE,2
5039.jpg,0141.jpg,2682,1926,150,TRUE,3
5061.jpg,0142.jpg,2372,1773,138,TRUE,2
5097.jpg,0143.jpg,2815,1848,143,TRUE,2
5130.jpg,0144.jpg,3055,1846,162,TRUE,2
5170.jpg,0145.jpg,2608,1879,161,TRUE,2
5194.jpg,0146.jpg,3067,1710,165,TRUE,2
5221.jpg,0147.jpg,2862,1830,146,TRUE,2
5239.jpg,0148.jpg,2623,1881,140,TRUE,1
5258.jpg,0149.jpg,2698,1923,112,TRUE,2
5275.jpg,0150.jpg,2711,1835,161,TRUE,2
5288.jpg,0151.jpg,2784,1818,139,TRUE,1
5312.jpg,0152.jpg,2888,1869,164,TRUE,1
5334.jpg,0153.jpg,2877,1823,117,TRUE,2
5347.jpg,0154.jpg,2546,1972,114,TRUE,2
5366.jpg,0155.jpg,2762,1918,137,TRUE,2
5400.jpg,0156.jpg,2802,1948,160,TRUE,2
5441.jpg,0157.jpg,2787,1742,124,TRUE,1
5460.jpg,0158.jpg,2684,1758,145,TRUE,2
5476.jpg,0159.jpg,2863,1875,155,TRUE,1
5502.jpg,0160.jpg,2497,1825,159,TRUE,2
5524.jpg,0161.jpg,2713,1910,149,TRUE,3
5544.jpg,0162.jpg,2635,1847,174,TRUE,2
5585.jpg,0163.jpg,2807,1963,151,TRUE,2
5602.jpg,0164.jpg,2656,1940,137,TRUE,1
5621.jpg,0165.jpg,2804,1955,126,TRUE,1
5639.jpg,0166.jpg,2697,1795,134,TRUE,2
5667.jpg,0167.jpg,2713,1817,142,TRUE,2
5689.jpg,0168.jpg,2575,1798,158,TRUE,2
5717.jpg,0169.jpg,2776,1932,163,TRUE,1
5752.jpg,0170.jpg,2899,1712,160,TRUE,2
5791.jpg,0171.jpg,2713,1899,158,TRUE,2
5833.jpg,0172.jpg,2685,1747,159,TRUE,3
5874.jpg,0173.jpg,2777,1882,114,TRUE,2
5891.jpg,0174.jpg,2694,1875,125,TRUE,1
5923.jpg,0175.jpg,2837,1973,124,TRUE,2
5949.jpg,0176.jpg,2613,1648,133,TRUE,3
5981.jpg,0177.jpg,2793,1833,88,TRUE,2
6025.jpg,0178.jpg,2526,1833,143,TRUE,3
6058.jpg,0179.jpg,2747,1908,126,TRUE,2
6082.jpg,0180.jpg,2571,1709,135,TRUE,2
6131.jpg,0181.jpg,2640,1874,159,TRUE,1
6166.jpg,0182.jpg,2902,1770,159,TRUE,1
6202.jpg,0183.jpg,2687,2015,123,TRUE,2
6240.jpg,0184.jpg,2486,1920,135,TRUE,2
6267.jpg,0185.jpg,2757,1894,115,TRUE,2
6286.jpg,0186.jpg,2886,1927,123,TRUE,1
6329.jpg,0187.jpg,2943,1811,130,TRUE,2
6367.jpg,0188.jpg,2730,1908,123,TRUE,1
6408.jpg,0189.jpg,2791,1821,134,TRUE,2
6437.jpg,0190.jpg,2615,1946,129,TRUE,3
6480.jpg,0191.jpg,2773,1981,131,TRUE,3
6516.jpg,0192.jpg,2523,1844,125,TRUE,2
6537.jpg,0193.jpg,2677,1902,157,TRUE,3
6564.jpg,0194.jpg,2790,1952,167,TRUE,2
6580.jpg,0195.jpg,2682,1840,134,TRUE,2
6597.jpg,0196.jpg,2651,1861,139,TRUE,2
6617.jpg,0197.jpg,2785,1889,161,TRUE,1
6666.jpg,0198.jpg,2720,1939,155,TRUE,1
6724.jpg,0199.jpg,2816,2019,140,TRUE,2
6775.jpg,0200.jpg,2567,1884,134,TRUE,3
6837.jpg,0201.jpg,2202,2197,56,TRUE,2
6838.jpg,0201.jpg,2416,1483,29,TRUE,3
6976.jpg,0202.jpg,2300,1215,49,TRUE,3
6977.jpg,0202.jpg,2417,1909,45,TRUE,3
7047.jpg,0203.jpg,2249,2037,52,TRUE,3
7139.jpg,0204.jpg,2412,1464,89,TRUE,2
7140.jpg,0204.jpg,2502,2705,65,TRUE,2
7219.jpg,0205.jpg,2818,1068,88,TRUE,2
7220.jpg,0205.jpg,2180,2229,70,TRUE,2
7458.jpg,0206.jpg,1696,1164,47,TRUE,3
7459.jpg,0206.jpg,2490,2245,90,TRUE,3
7570.jpg,0207.jpg,1497,1257,71,TRUE,2
7597.jpg,0208.jpg,3312,1404,73,TRUE,2
7598.jpg,0208.jpg,2171,1782,51,TRUE,2
7641.jpg,0209.jpg,2302,1433,76,TRUE,1
7642.jpg,0209.jpg,2765,2248,71,TRUE,3
7682.jpg,0210.jpg,2235,980,71,TRUE,1
7683.jpg,0210.jpg,2714,2168,78,TRUE,1
7728.jpg,0211.jpg,2336,882,84,TRUE,3
7729.jpg,0211.jpg,2044,1939,81,TRUE,2
7781.jpg,0212.jpg,1929,1597,62,TRUE,2
7782.jpg,0212.jpg,2533,1941,62,TRUE,2
7818.jpg,0213.jpg,2671,1096,70,TRUE,2
7847.jpg,0214.jpg,1857,766,59,TRUE,2
7848.jpg,0214.jpg,2426,1702,71,TRUE,2
7882.jpg,0215.jpg,2139,700,66,TRUE,2
7929.jpg,0216.jpg,1994,943,97,TRUE,1
7930.jpg,0216.jpg,2365,1894,80,TRUE,2
7953.jpg,0217.jpg,2549,2219,56,TRUE,2
7981.jpg,0218.jpg,2386,823,52,TRUE,2
7982.jpg,0218.jpg,2267,1584,57,TRUE,2
7983.jpg,0218.jpg,2453,1876,63,TRUE,2
8035.jpg,0218.jpg,2918,2241,51,TRUE,2
8036.jpg,0221.jpg,2192,1962,43,TRUE,3
8037.jpg,0221.jpg,684,2599,45,TRUE,2
8224.jpg,0222.jpg,2671,1372,54,TRUE,2
8225.jpg,0222.jpg,2280,2141,50,TRUE,2
8226.jpg,0222.jpg,2465,2433,43,TRUE,2
8261.jpg,0223.jpg,2882,1476,60,TRUE,2
8371.jpg,0224.jpg,2116,1735,50,TRUE,2
8372.jpg,0224.jpg,2708,1487,39,TRUE,2
8426.jpg,0227.jpg,2104,821,59,TRUE,1
8427.jpg,0227.jpg,2435,1596,47,TRUE,2
8518.jpg,0228.jpg,2051,812,66,TRUE,2
8519.jpg,0228.jpg,2382,1643,66,TRUE,2
8564.jpg,0230.jpg,2390,990,39,TRUE,2
8611.jpg,0231.jpg,2284,1992,49,TRUE,2
8612.jpg,0231.jpg,2386,990,58,TRUE,2
8693.jpg,0233.jpg,2326,1962,55,TRUE,2
8694.jpg,0233.jpg,2673,2052,38,TRUE,2
8753.jpg,0236.jpg,2110,1235,41,TRUE,2
8754.jpg,0236.jpg,2185,1823,48,TRUE,2
8825.jpg,0237.jpg,2529,1271,53,TRUE,2
8826.jpg,0237.jpg,2403,2048,44,TRUE,2
8962.jpg,0252.jpg,2102,1295,40,TRUE,2
8963.jpg,0252.jpg,2369,664,47,TRUE,2
8995.jpg,0253.jpg,1893,936,66,TRUE,2
8996.jpg,0253.jpg,2355,1923,55,TRUE,1
9069.jpg,0254.jpg,2578,951,50,TRUE,2
9070.jpg,0254.jpg,2567,1564,51,TRUE,2
9084.jpg,0255.jpg,2263,1156,54,TRUE,2
9085.jpg,0255.jpg,2437,2073,41,TRUE,2
9135.jpg,0257.jpg,2420,1744,79,TRUE,1
9155.jpg,0258.jpg,2379,1642,86,TRUE,1
9182.jpg,0260.jpg,2369,1847,91,TRUE,1
9205.jpg,0261.jpg,2062,571,63,TRUE,2
9206.jpg,0261.jpg,2367,1655,51,TRUE,2
9243.jpg,0262.jpg,2532,1623,82,TRUE,1
9265.jpg,0263.jpg,2433,1703,116,TRUE,1
9349.jpg,0264.jpg,2210,1770,187,TRUE,1
9361.jpg,0265.jpg,2356,1778,145,TRUE,2
9378.jpg,0266.jpg,2353,1652,166,TRUE,1
9398.jpg,0270.jpg,2305,1555,83,TRUE,1
9417.jpg,0271.jpg,2263,1672,64,TRUE,1
9487.jpg,0272.jpg,2225,1763,129,TRUE,1
9501.jpg,0274.jpg,2223,1593,98,TRUE,1
9542.jpg,0275.jpg,2247,1572,116,TRUE,1
9585.jpg,0276.jpg,2242,1844,124,TRUE,1
9607.jpg,0278.jpg,2510,1704,95,TRUE,1
9623.jpg,0279.jpg,2431,1835,85,TRUE,1
9677.jpg,0280.jpg,2497,1760,85,TRUE,1
9704.jpg,0281.jpg,2217,1765,88,TRUE,1
9747.jpg,0282.jpg,2353,1600,97,TRUE,1
9761.jpg,0283.jpg,2464,1663,127,TRUE,2
9772.jpg,0284.jpg,2332,1965,119,TRUE,1
9787.jpg,0285.jpg,2405,1964,111,TRUE,2
9818.jpg,0286.jpg,2364,1775,115,TRUE,2
9872.jpg,0287.jpg,2340,1789,98,TRUE,1
9897.jpg,0289.jpg,2281,1636,139,TRUE,2
9959.jpg,0290.jpg,2515,142,73,TRUE,2
9960.jpg,0290.jpg,2429,1824,57,TRUE,2
9975.jpg,0291.jpg,2445,1812,87,TRUE,1
10003.jpg,0292.jpg,2233,1804,102,TRUE,1
10041.jpg,0294.jpg,2220,1644,111,TRUE,1
10078.jpg,0295.jpg,2358,1609,130,TRUE,3
10130.jpg,0296.jpg,2378,1650,67,TRUE,1
10363.jpg,0297.jpg,2542,1655,71,TRUE,1
10412.jpg,0298.jpg,2512,1612,90,TRUE,1
10469.jpg,0300.jpg,2285,1542,143,TRUE,1
10480.jpg,0301.jpg,2339,1789,139,TRUE,2
10520.jpg,0302.jpg,2258,1733,74,TRUE,1
10530.jpg,0303.jpg,2267,1684,122,TRUE,1
10557.jpg,0304.jpg,2273,1653,80,TRUE,1
10566.jpg,0305.jpg,2288,1808,106,TRUE,1
10580.jpg,0306.jpg,2482,1725,76,TRUE,1
10600.jpg,0307.jpg,2592,1756,418,TRUE,1
10618.jpg,0308.jpg,2804,1960,336,TRUE,1
10629.jpg,0309.jpg,2820,1616,322,TRUE,1
10647.jpg,0310.jpg,3248,1908,448,TRUE,1
10665.jpg,0311.jpg,3028,1792,398,TRUE,2
10674.jpg,0312.jpg,2276,1804,366,TRUE,1
10686.jpg,0313.jpg,2512,2264,300,TRUE,1
10715.jpg,0314.jpg,2816,1708,388,TRUE,1
10722.jpg,0315.jpg,2660,2024,344,TRUE,1
10731.jpg,0316.jpg,2676,2164,282,TRUE,1
10749.jpg,0317.jpg,2404,1472,332,TRUE,1
10769.jpg,0318.jpg,2752,1776,364,TRUE,1
10797.jpg,0319.jpg,2688,1756,310,TRUE,1
10817.jpg,0320.jpg,2636,1932,372,TRUE,1
10842.jpg,0321.jpg,2328,1416,218,TRUE,1
10851.jpg,0322.jpg,2576,1780,252,TRUE,1
10865.jpg,0323.jpg,2612,1516,300,TRUE,1
10895.jpg,0324.jpg,2684,1852,294,TRUE,1
10910.jpg,0325.jpg,2612,1928,374,TRUE,1
10927.jpg,0326.jpg,2500,2248,432,TRUE,1
10944.jpg,0327.jpg,2176,2436,376,TRUE,1
10966.jpg,0328.jpg,2912,1520,286,TRUE,1
10992.jpg,0329.jpg,2652,1844,282,TRUE,2
10999.jpg,0330.jpg,2904,1552,378,TRUE,1
11025.jpg,0331.jpg,1976,1956,322,TRUE,1
11058.jpg,0332.jpg,2364,1836,348,TRUE,1
11059.jpg,0332.jpg,2804,1900,338,TRUE,1
11075.jpg,0333.jpg,2000,1860,258,TRUE,1
11086.jpg,0334.jpg,2736,1736,272,TRUE,1
11101.jpg,0335.jpg,2692,1856,238,TRUE,1
11113.jpg,0336.jpg,3168,1860,344,TRUE,1
11156.jpg,0337.jpg,2668,2048,340,TRUE,1
11177.jpg,0338.jpg,2240,1840,306,TRUE,1
11193.jpg,0339.jpg,2420,1724,298,TRUE,1
11214.jpg,0340.jpg,2672,1928,236,TRUE,1
11220.jpg,0341.jpg,3320,2288,330,TRUE,1
11221.jpg,0341.jpg,2724,2300,360,TRUE,1
11246.jpg,0342.jpg,2576,1924,224,TRUE,1
11262.jpg,0343.jpg,3012,1888,356,TRUE,2
11275.jpg,0344.jpg,2456,2048,248,TRUE,3
11284.jpg,0345.jpg,2464,2200,196,TRUE,1
11304.jpg,0346.jpg,2956,1884,254,TRUE,1
11318.jpg,0347.jpg,3328,1824,286,TRUE,1
11334.jpg,0348.jpg,3012,1772,246,TRUE,1
11343.jpg,0349.jpg,2276,1720,304,TRUE,1
11359.jpg,0350.jpg,3028,2124,222,TRUE,1
11371.jpg,0351.jpg,2900,1916,224,TRUE,1
11372.jpg,0351.jpg,2596,1968,228,TRUE,1
11376.jpg,0352.jpg,2320,1880,220,TRUE,1
11383.jpg,0353.jpg,2360,2076,264,TRUE,1
11396.jpg,0354.jpg,3096,1584,352,TRUE,2
11419.jpg,0355.jpg,2304,1456,286,TRUE,3
11445.jpg,0356.jpg,2504,1548,240,TRUE,3
11465.jpg,0357.jpg,2868,1932,266,TRUE,2
11493.jpg,0358.jpg,3116,1828,228,TRUE,1
11512.jpg,0359.jpg,2812,1772,270,TRUE,2
11531.jpg,0360.jpg,2520,2172,270,TRUE,1
11550.jpg,0361.jpg,3160,2468,230,TRUE,1
11563.jpg,0362.jpg,2636,2104,218,TRUE,1
11585.jpg,0363.jpg,3148,1832,264,TRUE,1
11631.jpg,0364.jpg,2808,1612,268,TRUE,1
11659.jpg,0365.jpg,2768,1668,320,TRUE,2
11670.jpg,0366.jpg,2452,1576,354,TRUE,2
11694.jpg,0367.jpg,2940,1996,286,TRUE,1
11719.jpg,0368.jpg,2340,1664,312,TRUE,2
11745.jpg,0369.jpg,2860,1944,248,TRUE,1
11760.jpg,0370.jpg,2980,1896,230,TRUE,1
11765.jpg,0371.jpg,2828,1888,274,TRUE,1
11766.jpg,0371.jpg,3204,1864,258,TRUE,1
11773.jpg,0372.jpg,2296,1860,402,TRUE,2
11808.jpg,0373.jpg,2248,2612,378,TRUE,1
11809.jpg,0373.jpg,2868,2196,356,TRUE,1
11829.jpg,0374.jpg,2768,1360,356,TRUE,1
11866.jpg,0375.jpg,2800,1784,322,TRUE,1
11883.jpg,0376.jpg,2784,1860,254,TRUE,2
11900.jpg,0377.jpg,2632,1460,286,TRUE,1
11912.jpg,0378.jpg,2760,1756,248,TRUE,1
11934.jpg,0379.jpg,2892,1516,340,TRUE,1
11952.jpg,0380.jpg,2460,1504,292,TRUE,1
11971.jpg,0381.jpg,2452,1580,280,TRUE,1
11980.jpg,0382.jpg,2168,1884,242,TRUE,1
11993.jpg,0383.jpg,2504,1988,314,TRUE,1
12034.jpg,0384.jpg,2592,2052,326,TRUE,1
12055.jpg,0385.jpg,2780,1640,304,TRUE,1
12077.jpg,0386.jpg,2596,1752,274,TRUE,1
12086.jpg,0387.jpg,2688,2024,370,TRUE,1
12107.jpg,0388.jpg,2820,2060,268,TRUE,2
12138.jpg,0389.jpg,2592,2008,362,TRUE,1
12170.jpg,0390.jpg,2692,1536,346,TRUE,1
12196.jpg,0391.jpg,3096,1588,336,TRUE,2
12237.jpg,0392.jpg,2972,2308,322,TRUE,1
12277.jpg,0393.jpg,2736,1780,250,TRUE,1
12288.jpg,0394.jpg,2660,1792,330,TRUE,1
12299.jpg,0395.jpg,3140,1976,276,TRUE,1
12318.jpg,0396.jpg,2708,1908,260,TRUE,1
12328.jpg,0397.jpg,2236,1940,240,TRUE,1
12335.jpg,0398.jpg,2220,1852,252,TRUE,1
12348.jpg,0399.jpg,2348,1948,244,TRUE,2
12363.jpg,0400.jpg,2336,1856,316,TRUE,1
12378.jpg,0401.jpg,2876,1424,242,TRUE,1
12390.jpg,0402.jpg,2764,1384,278,TRUE,1
12399.jpg,0403.jpg,2640,2172,296,TRUE,1
12411.jpg,0404.jpg,2472,1920,278,TRUE,1
12423.jpg,0405.jpg,2828,1628,316,TRUE,1
12459.jpg,0406.jpg,2648,2236,292,TRUE,2
12480.jpg,0407.jpg,1721,1835,107,TRUE,1
12533.jpg,0408.jpg,1759,1603,91,TRUE,1
12534.jpg,0408.jpg,1626,1600,85,TRUE,1
12583.jpg,0409.jpg,1801,1687,84,TRUE,1
12628.jpg,0410.jpg,1905,1537,129,TRUE,1
12662.jpg,0411.jpg,1819,1674,114,TRUE,2
12678.jpg,0412.jpg,1681,1807,121,TRUE,1
12690.jpg,0413.jpg,1508,1985,172,TRUE,1
12707.jpg,0414.jpg,1623,1793,212,TRUE,1
12730.jpg,0415.jpg,1366,1794,201,TRUE,2
12757.jpg,0416.jpg,1942,1831,194,TRUE,1
12770.jpg,0417.jpg,1864,1698,193,TRUE,1
12785.jpg,0418.jpg,1672,1756,176,TRUE,2
12805.jpg,0419.jpg,1268,1737,162,TRUE,2
12825.jpg,0420.jpg,1925,1903,209,TRUE,1
12864.jpg,0421.jpg,1584,1590,166,TRUE,2
12881.jpg,0422.jpg,1535,1682,165,TRUE,3
12902.jpg,0423.jpg,1520,1817,167,TRUE,1
12921.jpg,0424.jpg,1723,1736,223,TRUE,2
12954.jpg,0425.jpg,1733,1475,207,TRUE,2
12974.jpg,0426.jpg,1892,1715,169,TRUE,1
12989.jpg,0427.jpg,1614,1581,124,TRUE,1
12998.jpg,0428.jpg,1623,1737,149,TRUE,1
13017.jpg,0429.jpg,1892,1814,113,TRUE,1
13029.jpg,0430.jpg,1938,1826,138,TRUE,1
13043.jpg,0431.jpg,1958,1821,206,TRUE,1
13073.jpg,0432.jpg,1900,1915,178,TRUE,2
13099.jpg,0433.jpg,1819,1808,152,TRUE,3
13110.jpg,0434.jpg,1699,1675,210,TRUE,2
13143.jpg,0435.jpg,1884,1638,251,TRUE,2
13171.jpg,0436.jpg,1841,1791,164,TRUE,1
13189.jpg,0437.jpg,2003,1533,164,TRUE,1
13201.jpg,0438.jpg,1592,1605,156,TRUE,1
13227.jpg,0439.jpg,1808,1871,156,TRUE,1
13265.jpg,0440.jpg,1660,1750,114,TRUE,1
13308.jpg,0441.jpg,2135,1704,206,TRUE,1
13332.jpg,0442.jpg,1759,1758,180,TRUE,2
13369.jpg,0443.jpg,1849,1780,160,TRUE,2
13380.jpg,0444.jpg,1477,1564,176,TRUE,1
13401.jpg,0445.jpg,1838,1998,167,TRUE,1
13416.jpg,0446.jpg,1497,1526,174,TRUE,2
13443.jpg,0447.jpg,1275,1531,195,TRUE,1
13474.jpg,0448.jpg,1823,1781,201,TRUE,1
13492.jpg,0449.jpg,1810,2035,206,TRUE,1
13509.jpg,0450.jpg,1659,1876,240,TRUE,1
13538.jpg,0451.jpg,1453,1793,231,TRUE,2
13577.jpg,0452.jpg,1487,1406,174,TRUE,2
13611.jpg,0453.jpg,1333,1656,238,TRUE,1
13653.jpg,0454.jpg,1576,1672,247,TRUE,1
13701.jpg,0455.jpg,2033,1815,191,TRUE,1
13740.jpg,0456.jpg,1346,1805,211,TRUE,1
13781.jpg,0457.jpg,1271,1466,200,TRUE,3
13815.jpg,0458.jpg,2067,1907,195,TRUE,1
13862.jpg,0459.jpg,1689,1692,164,TRUE,1
13880.jpg,0460.jpg,1801,1725,184,TRUE,1
13917.jpg,0461.jpg,1557,1817,178,TRUE,1
13948.jpg,0462.jpg,1923,1897,211,TRUE,1
13981.jpg,0463.jpg,1539,1573,232,TRUE,2
14041.jpg,0464.jpg,1945,1885,215,TRUE,1
14090.jpg,0465.jpg,1870,1727,249,TRUE,2
14164.jpg,0466.jpg,1868,1981,240,TRUE,1
14205.jpg,0467.jpg,1810,1674,202,TRUE,1
14248.jpg,0468.jpg,1487,1622,233,TRUE,1
14314.jpg,0469.jpg,1775,1846,228,TRUE,1
14384.jpg,0470.jpg,1696,1779,216,TRUE,1
14420.jpg,0471.jpg,1772,1559,195,TRUE,3
14454.jpg,0472.jpg,1913,1901,230,TRUE,1
14499.jpg,0473.jpg,1866,1786,208,TRUE,1
14530.jpg,0474.jpg,1480,1726,219,TRUE,1
14580.jpg,0475.jpg,1722,1855,216,TRUE,2
14611.jpg,0476.jpg,1653,1757,194,TRUE,1
14629.jpg,0477.jpg,1624,1704,209,TRUE,1
14669.jpg,0478.jpg,2022,1726,203,TRUE,2
14708.jpg,0479.jpg,1604,1561,189,TRUE,2
14741.jpg,0480.jpg,1736,1582,192,TRUE,1
14765.jpg,0481.jpg,1947,1760,213,TRUE,1
14806.jpg,0482.jpg,1719,1707,195,TRUE,1
14829.jpg,0483.jpg,1365,1957,178,TRUE,1
14861.jpg,0484.jpg,1445,1799,214,TRUE,2
14897.jpg,0485.jpg,1667,1862,248,TRUE,1
14934.jpg,0486.jpg,1691,1543,217,TRUE,1
14959.jpg,0487.jpg,1648,1574,174,TRUE,1
14980.jpg,0488.jpg,1659,1667,208,TRUE,1
15006.jpg,0489.jpg,1829,1959,171,TRUE,1
15031.jpg,0490.jpg,1700,1672,211,TRUE,2
15056.jpg,0491.jpg,1573,1952,252,TRUE,2
15095.jpg,0492.jpg,1671,1846,209,TRUE,2
15131.jpg,0493.jpg,1861,1664,198,TRUE,1
15193.jpg,0494.jpg,2041,1706,228,TRUE,1
15219.jpg,0495.jpg,1612,1546,191,TRUE,1
15258.jpg,0496.jpg,1964,1913,180,TRUE,2
15288.jpg,0497.jpg,1782,1578,162,TRUE,1
15315.jpg,0498.jpg,1529,1823,198,TRUE,1
15367.jpg,0499.jpg,1576,1704,204,TRUE,1
15415.jpg,0500.jpg,1734,1779,135,TRUE,1
15446.jpg,0501.jpg,1228,1671,159,TRUE,2
15479.jpg,0502.jpg,1805,1870,141,TRUE,1
15505.jpg,0503.jpg,1673,1797,149,TRUE,1
15527.jpg,0504.jpg,1606,1539,193,TRUE,1
15558.jpg,0505.jpg,1926,1838,201,TRUE,1
15598.jpg,0506.jpg,1949,1728,174,TRUE,1
15624.jpg,0507.jpg,1694,1728,172,TRUE,1
15647.jpg,0508.jpg,2756,2236,574,TRUE,1
15653.jpg,0509.jpg,2913,2032,651,TRUE,1
15663.jpg,0510.jpg,2768,2552,598,TRUE,2
15680.jpg,0511.jpg,2588,1804,606,TRUE,1
15689.jpg,0512.jpg,2740,2152,662,TRUE,1
15698.jpg,0513.jpg,2676,2044,574,TRUE,1
15727.jpg,0514.jpg,2180,1768,644,TRUE,1
15743.jpg,0515.jpg,2627,2101,645,TRUE,1
15759.jpg,0516.jpg,2188,2086,527,TRUE,1
15773.jpg,0517.jpg,2485,2195,572,TRUE,1
15796.jpg,0518.jpg,2602,1942,646,TRUE,1
15839.jpg,0519.jpg,2759,2261,651,TRUE,1
15871.jpg,0520.jpg,2539,2123,589,TRUE,1
15912.jpg,0521.jpg,2348,1952,526,TRUE,1
15933.jpg,0522.jpg,2900,2068,528,TRUE,1
15960.jpg,0523.jpg,2836,1688,642,TRUE,1
15995.jpg,0524.jpg,2164,1972,590,TRUE,1
16042.jpg,0525.jpg,3012,1932,684,TRUE,1
16073.jpg,0526.jpg,2520,2200,724,TRUE,1
16095.jpg,0527.jpg,2320,1976,772,TRUE,1
16122.jpg,0528.jpg,2996,2100,664,TRUE,1
16157.jpg,0529.jpg,2392,2268,666,TRUE,2
16184.jpg,0530.jpg,2164,2304,590,TRUE,1
16203.jpg,0531.jpg,2884,2260,410,TRUE,1
16228.jpg,0532.jpg,2768,2052,766,TRUE,1
16252.jpg,0533.jpg,2692,2028,624,TRUE,2
16275.jpg,0534.jpg,2864,2020,530,TRUE,1
16301.jpg,0535.jpg,2912,1784,652,TRUE,1
16319.jpg,0536.jpg,2564,1840,858,TRUE,1
16339.jpg,0537.jpg,2504,1828,696,TRUE,1
16369.jpg,0538.jpg,2624,1820,526,TRUE,2
16378.jpg,0539.jpg,2812,1908,630,TRUE,2
16397.jpg,0540.jpg,2728,1996,506,TRUE,2
16413.jpg,0541.jpg,2684,2404,584,TRUE,1
16433.jpg,0542.jpg,2760,1700,548,TRUE,2
16457.jpg,0543.jpg,2656,1680,478,TRUE,1
16475.jpg,0544.jpg,2828,1876,474,TRUE,2
16495.jpg,0545.jpg,2740,1820,592,TRUE,1
16514.jpg,0546.jpg,2704,2120,470,TRUE,1
16528.jpg,0547.jpg,2364,2176,548,TRUE,1
16547.jpg,0548.jpg,2804,2064,430,TRUE,2
16560.jpg,0549.jpg,2896,2028,430,TRUE,1
16579.jpg,0550.jpg,2716,1756,494,TRUE,2
16596.jpg,0551.jpg,2744,2048,516,TRUE,1
16618.jpg,0552.jpg,2832,2048,540,TRUE,1
16641.jpg,0553.jpg,2756,2380,546,TRUE,1
16659.jpg,0554.jpg,2628,2472,458,TRUE,2
16685.jpg,0555.jpg,2348,2032,502,TRUE,2
16714.jpg,0556.jpg,2864,2264,612,TRUE,1
16746.jpg,0557.jpg,2396,1572,528,TRUE,1
16774.jpg,0558.jpg,2684,1680,626,TRUE,1
16794.jpg,0559.jpg,2932,2260,440,TRUE,2
16822.jpg,0560.jpg,3216,1720,602,TRUE,1
16851.jpg,0561.jpg,3480,1608,538,TRUE,2
16872.jpg,0562.jpg,2712,2264,576,TRUE,2
16905.jpg,0563.jpg,2724,1860,618,TRUE,1
16939.jpg,0564.jpg,2144,2528,586,TRUE,1
16955.jpg,0565.jpg,2564,2004,606,TRUE,1
16989.jpg,0566.jpg,2936,1872,566,TRUE,1
17016.jpg,0567.jpg,2052,1860,488,TRUE,1
17030.jpg,0568.jpg,2712,2032,466,TRUE,1
17044.jpg,0569.jpg,2912,1716,452,TRUE,1
17065.jpg,0570.jpg,2224,2072,416,TRUE,1
17078.jpg,0571.jpg,3040,1980,544,TRUE,1
17097.jpg,0572.jpg,2392,2008,482,TRUE,1
17110.jpg,0573.jpg,2740,2060,514,TRUE,2
17126.jpg,0574.jpg,2288,1964,462,TRUE,1
17163.jpg,0575.jpg,2372,1648,484,TRUE,1
17188.jpg,0576.jpg,2064,1520,492,TRUE,1
17219.jpg,0577.jpg,2312,1700,444,TRUE,1
17244.jpg,0578.jpg,2692,1596,484,TRUE,1
17269.jpg,0579.jpg,2872,1736,560,TRUE,1
17285.jpg,0580.jpg,3256,1960,464,TRUE,1
17304.jpg,0581.jpg,2728,2020,452,TRUE,1
17321.jpg,0582.jpg,2360,1828,520,TRUE,1
17340.jpg,0583.jpg,2828,1460,462,TRUE,1
17360.jpg,0584.jpg,2412,2012,424,TRUE,1
17372.jpg,0585.jpg,2488,2164,402,TRUE,1
17390.jpg,0586.jpg,2756,2388,422,TRUE,1
17403.jpg,0587.jpg,2440,2292,498,TRUE,1
17440.jpg,0588.jpg,2664,2352,602,TRUE,1
17455.jpg,0589.jpg,2768,2016,554,TRUE,1
17493.jpg,0590.jpg,2552,1916,484,TRUE,1
17512.jpg,0591.jpg,2828,2364,600,TRUE,1
17536.jpg,0592.jpg,2660,2000,522,TRUE,1
17552.jpg,0593.jpg,2696,2240,480,TRUE,1
17563.jpg,0594.jpg,2884,1736,422,TRUE,2
17592.jpg,0595.jpg,2660,1760,450,TRUE,2
17612.jpg,0596.jpg,2468,1952,522,TRUE,2
17631.jpg,0597.jpg,2652,1672,448,TRUE,2
17643.jpg,0598.jpg,2832,1720,644,TRUE,2
17672.jpg,0599.jpg,2540,2044,538,TRUE,1
17693.jpg,0600.jpg,2484,1884,560,TRUE,1
17730.jpg,0601.jpg,2928,1988,450,TRUE,1
17758.jpg,0602.jpg,2764,1972,648,TRUE,2
17780.jpg,0603.jpg,2592,1712,618,TRUE,2
17793.jpg,0604.jpg,2680,2264,620,TRUE,2
17820.jpg,0605.jpg,2892,2428,660,TRUE,1
17850.jpg,0606.jpg,2604,2328,526,TRUE,1
17869.jpg,0607.jpg,2884,2064,534,TRUE,1
17892.jpg,0608.jpg,2641,1879,91,TRUE,1
17956.jpg,0609.jpg,2812,1792,234,TRUE,1
17998.jpg,0610.jpg,2852,1688,698,TRUE,1
18022.jpg,0611.jpg,2801,1942,93,TRUE,1
18137.jpg,0612.jpg,2795,2000,209,TRUE,1
18178.jpg,0613.jpg,2628,2156,690,TRUE,1
18200.jpg,0614.jpg,2711,1884,68,TRUE,2
18255.jpg,0615.jpg,2720,1921,185,TRUE,1
18321.jpg,0616.jpg,2852,2024,542,TRUE,1
18345.jpg,0617.jpg,2698,1953,78,TRUE,2
18417.jpg,0618.jpg,2668,1875,217,TRUE,1
18472.jpg,0619.jpg,2912,2168,666,TRUE,1
18495.jpg,0620.jpg,2629,1873,88,TRUE,2
18529.jpg,0621.jpg,2796,1884,226,TRUE,1
18593.jpg,0622.jpg,2676,1964,728,TRUE,1
18662.jpg,0623.jpg,2568,2041,104,TRUE,2
18735.jpg,0624.jpg,2476,1924,284,TRUE,1
18869.jpg,0625.jpg,2696,2016,852,TRUE,1
18893.jpg,0626.jpg,2659,1896,87,TRUE,2
18947.jpg,0627.jpg,2636,2128,230,TRUE,1
19067.jpg,0628.jpg,2588,2176,698,TRUE,1
19177.jpg,0629.jpg,2688,1821,80,TRUE,2
19222.jpg,0630.jpg,2664,1856,218,TRUE,2
19258.jpg,0631.jpg,2596,1884,638,TRUE,1
19338.jpg,0632.jpg,2606,1362,159,TRUE,1
19387.jpg,0633.jpg,2145,1360,172,TRUE,2
19388.jpg,0633.jpg,2460,1456,192,TRUE,1
19408.jpg,0634.jpg,2544,1347,192,TRUE,1
19463.jpg,0635.jpg,2538,1332,161,TRUE,1
19487.jpg,0636.jpg,2628,1544,198,TRUE,2
19515.jpg,0637.jpg,2680,1648,250,TRUE,1
19543.jpg,0638.jpg,2293,1391,219,TRUE,1
19595.jpg,0639.jpg,2873,1534,192,TRUE,1
19618.jpg,0640.jpg,2582,1461,174,TRUE,1
19632.jpg,0641.jpg,2572,1547,173,TRUE,1
19654.jpg,0642.jpg,2600,1347,148,TRUE,2
19679.jpg,0643.jpg,2554,1245,134,TRUE,2
19703.jpg,0644.jpg,2634,1392,157,TRUE,2
19726.jpg,0645.jpg,2129,1648,138,TRUE,1
19749.jpg,0646.jpg,2972,1463,135,TRUE,1
19769.jpg,0647.jpg,2615,1517,201,TRUE,1
19833.jpg,0648.jpg,2570,1508,198,TRUE,1
19871.jpg,0649.jpg,2402,1352,215,TRUE,1
19908.jpg,0650.jpg,2387,1212,124,TRUE,1
19932.jpg,0651.jpg,2434,1369,197,TRUE,1
19978.jpg,0652.jpg,2415,1538,152,TRUE,1
20019.jpg,0653.jpg,2524,1393,184,TRUE,1
20064.jpg,0654.jpg,2712,1338,146,TRUE,1
20092.jpg,0655.jpg,2657,1501,105,TRUE,1
20152.jpg,0656.jpg,2643,1401,130,TRUE,1
20293.jpg,0657.jpg,2398,1514,186,TRUE,1
20332.jpg,0658.jpg,2534,1574,146,TRUE,1
20426.jpg,0659.jpg,2534,1411,168,TRUE,1
20490.jpg,0660.jpg,2875,1459,179,TRUE,1
20545.jpg,0661.jpg,2480,1519,194,TRUE,1
20597.jpg,0662.jpg,2647,1312,157,TRUE,1
20630.jpg,0663.jpg,2379,1368,180,TRUE,1
20692.jpg,0664.jpg,2456,1360,149,TRUE,2
20719.jpg,0665.jpg,2318,1618,153,TRUE,1
20787.jpg,0666.jpg,2354,1298,130,TRUE,2
20836.jpg,0667.jpg,2603,1483,145,TRUE,2
20854.jpg,0668.jpg,2545,1383,206,TRUE,1
20879.jpg,0669.jpg,2570,1458,126,TRUE,1
20915.jpg,0670.jpg,2602,1287,147,TRUE,1
21011.jpg,0671.jpg,2563,1574,157,TRUE,1
21064.jpg,0672.jpg,2472,1391,161,TRUE,1
21107.jpg,0673.jpg,2411,1490,201,TRUE,1
21136.jpg,0674.jpg,2348,1433,181,TRUE,1
21165.jpg,0675.jpg,2780,1781,218,TRUE,1
21187.jpg,0676.jpg,2463,1389,207,TRUE,1
21224.jpg,0677.jpg,2624,1742,228,TRUE,1
21267.jpg,0678.jpg,3040,1484,171,TRUE,1
21296.jpg,0679.jpg,2445,1394,148,TRUE,1
21350.jpg,0680.jpg,2773,1488,259,TRUE,1
21406.jpg,0681.jpg,2683,1552,228,TRUE,2
21472.jpg,0682.jpg,2635,1284,199,TRUE,1
21544.jpg,0683.jpg,2652,1392,209,TRUE,1
21577.jpg,0684.jpg,2723,1327,175,TRUE,1
21593.jpg,0685.jpg,2596,1653,165,TRUE,2
21622.jpg,0686.jpg,2487,1574,208,TRUE,2
21644.jpg,0687.jpg,2378,1367,192,TRUE,2
21675.jpg,0688.jpg,2542,1314,238,TRUE,3
21712.jpg,0689.jpg,2564,1183,231,TRUE,1
21758.jpg,0690.jpg,2739,1146,193,TRUE,1
21799.jpg,0691.jpg,2737,1172,229,TRUE,2
21834.jpg,0692.jpg,2651,1482,173,TRUE,1
21851.jpg,0693.jpg,2684,1716,188,TRUE,1
21909.jpg,0694.jpg,2830,1228,199,TRUE,1
21969.jpg,0695.jpg,2621,1669,169,TRUE,2
22001.jpg,0696.jpg,2605,1436,168,TRUE,1
22026.jpg,0697.jpg,2622,1670,134,TRUE,1
22045.jpg,0698.jpg,2855,1547,203,TRUE,1
22061.jpg,0699.jpg,2630,1330,139,TRUE,1
22062.jpg,0699.jpg,3213,2168,125,TRUE,1
22113.jpg,0700.jpg,2587,1271,188,TRUE,1
22168.jpg,0701.jpg,2739,1636,228,TRUE,1
22200.jpg,0702.jpg,2321,1227,237,TRUE,2
22283.jpg,0703.jpg,2485,1283,202,TRUE,1
22353.jpg,0704.jpg,2638,1614,214,TRUE,1
22398.jpg,0705.jpg,2674,1721,212,TRUE,1
22465.jpg,0706.jpg,2804,1338,224,TRUE,1
22514.jpg,0707.jpg,2703,1820,245,TRUE,1
22562.jpg,0708.jpg,2698,1463,236,TRUE,1
22629.jpg,0709.jpg,2576,1362,261,TRUE,1
22682.jpg,0710.jpg,2740,1473,222,TRUE,1
22727.jpg,0711.jpg,2627,1426,86,TRUE,1
22779.jpg,0712.jpg,2571,1433,131,TRUE,1
22828.jpg,0713.jpg,2735,1613,155,TRUE,1
22854.jpg,0714.jpg,2828,1653,183,TRUE,2
22886.jpg,0715.jpg,2501,1498,254,TRUE,1
22928.jpg,0716.jpg,2832,1520,172,TRUE,3
22967.jpg,0717.jpg,2462,1578,194,TRUE,1
23012.jpg,0718.jpg,2539,1535,203,TRUE,3
23024.jpg,0719.jpg,2492,1348,156,TRUE,1
23080.jpg,0720.jpg,2455,1314,217,TRUE,1
23110.jpg,0721.jpg,2768,1267,224,TRUE,2
23143.jpg,0722.jpg,2451,1157,226,TRUE,1
23180.jpg,0723.jpg,2786,1383,262,TRUE,3
23249.jpg,0724.jpg,2558,1506,302,TRUE,3
23298.jpg,0725.jpg,2431,1206,309,TRUE,3
23322.jpg,0726.jpg,2659,1665,252,TRUE,1
23361.jpg,0727.jpg,2523,1300,222,TRUE,1
23386.jpg,0728.jpg,2755,1553,250,TRUE,1
23414.jpg,0729.jpg,2705,1275,198,TRUE,1
23480.jpg,0730.jpg,2584,1630,202,TRUE,1
23530.jpg,0731.jpg,2590,1317,225,TRUE,2
23587.jpg,0732.jpg,2325,1272,251,TRUE,1
23652.jpg,0733.jpg,2736,1495,211,TRUE,1
23705.jpg,0734.jpg,2715,1579,215,TRUE,1
23740.jpg,0735.jpg,2462,1454,208,TRUE,2
23771.jpg,0736.jpg,2953,1512,155,TRUE,1
23796.jpg,0737.jpg,2525,1535,221,TRUE,1
23829.jpg,0738.jpg,2888,1592,163,TRUE,1
23849.jpg,0739.jpg,2485,1163,243,TRUE,2
23875.jpg,0740.jpg,2714,1261,224,TRUE,1
23917.jpg,0741.jpg,2627,1483,160,TRUE,1
23930.jpg,0742.jpg,2513,1593,150,TRUE,2
23973.jpg,0743.jpg,2650,1325,237,TRUE,1
24054.jpg,0744.jpg,2576,1346,209,TRUE,1
24093.jpg,0745.jpg,2767,1644,115,TRUE,1
24121.jpg,0746.jpg,3123,1494,45,TRUE,2
24146.jpg,0747.jpg,3066,1392,86,TRUE,1
24172.jpg,0748.jpg,2939,1495,41,TRUE,2
24271.jpg,0749.jpg,2971,1559,96,TRUE,1
24346.jpg,0750.jpg,3247,1531,88,TRUE,2
24376.jpg,0751.jpg,1811,1869,76,TRUE,2
24377.jpg,0751.jpg,3140,1607,45,TRUE,2
24591.jpg,0752.jpg,2984,1676,142,TRUE,1
24691.jpg,0753.jpg,2621,1453,58,TRUE,2
24692.jpg,0753.jpg,2995,171,82,TRUE,2
24693.jpg,0753.jpg,570,1183,52,TRUE,2
24741.jpg,0754.jpg,2706,1549,112,TRUE,1
24849.jpg,0755.jpg,2876,1296,58,TRUE,2
24850.jpg,0755.jpg,4101,1424,49,TRUE,2
24851.jpg,0755.jpg,3576,2372,67,TRUE,2
24852.jpg,0755.jpg,4101,1420,52,TRUE,2
24961.jpg,0756.jpg,2792,1581,127,TRUE,1
25068.jpg,0757.jpg,3017,1556,83,TRUE,2
25069.jpg,0757.jpg,4473,721,87,TRUE,2
25149.jpg,0758.jpg,3152,1528,154,TRUE,1
25223.jpg,0759.jpg,2639,1540,70,TRUE,2
25301.jpg,0760.jpg,2715,1841,186,TRUE,1
25331.jpg,0761.jpg,462,2256,75,TRUE,2
25332.jpg,0761.jpg,2861,1579,70,TRUE,2
25437.jpg,0762.jpg,2854,1434,135,TRUE,1
25508.jpg,0763.jpg,2830,1406,202,TRUE,1
25556.jpg,0764.jpg,2393,1305,66,TRUE,2
25604.jpg,0765.jpg,2257,1085,104,TRUE,1
25706.jpg,0766.jpg,2334,1123,175,TRUE,2
25725.jpg,0767.jpg,2336,1482,63,TRUE,2
25726.jpg,0767.jpg,173,2062,64,TRUE,3
25782.jpg,0768.jpg,2436,1252,160,TRUE,1
25823.jpg,0769.jpg,2512,1292,260,TRUE,1
25871.jpg,0770.jpg,2842,1371,103,TRUE,1
25974.jpg,0771.jpg,2956,1420,218,TRUE,1
26011.jpg,0772.jpg,2357,1456,100,TRUE,1
26039.jpg,0773.jpg,2778,1321,190,TRUE,1
